{
  "start_ts": 1763663342.3624508,
  "end_ts": 1763663364.6572003,
  "duration_sec": 22.29474949836731,
  "num_tools": 10,
  "languages": [
    "en",
    "it",
    "pt"
  ],
  "env": "dev"
}