{
  "start_ts": 1763589922.4253342,
  "end_ts": 1763590070.1729789,
  "duration_sec": 147.74764466285706,
  "num_tools": 7,
  "languages": [
    "en",
    "it",
    "pt"
  ],
  "env": "dev"
}