{
  "start_ts": 1763663401.8961697,
  "end_ts": 1763663484.8265038,
  "duration_sec": 82.93033409118652,
  "num_tools": 10,
  "languages": [
    "en",
    "it",
    "pt"
  ],
  "env": "dev"
}