{
  "start_ts": 1763663042.3498054,
  "end_ts": 1763663101.9367661,
  "duration_sec": 59.586960792541504,
  "num_tools": 10,
  "languages": [
    "en",
    "it",
    "pt"
  ],
  "env": "dev"
}