{
  "start_ts": 1763646193.0086849,
  "end_ts": 1763646335.6881182,
  "duration_sec": 142.67943334579468,
  "num_tools": 7,
  "languages": [
    "en",
    "it",
    "pt"
  ],
  "env": "dev"
}