{
  "start_ts": 1763650416.7351563,
  "end_ts": 1763650604.0136988,
  "duration_sec": 187.27854251861572,
  "num_tools": 10,
  "languages": [
    "en",
    "it",
    "pt"
  ],
  "env": "dev"
}