{
  "start_ts": 1763651688.7459292,
  "end_ts": 1763651884.874732,
  "duration_sec": 196.12880277633667,
  "num_tools": 10,
  "languages": [
    "en",
    "it",
    "pt"
  ],
  "env": "dev"
}