{
  "start_ts": 1763663461.9079258,
  "end_ts": 1763663507.5889661,
  "duration_sec": 45.68104028701782,
  "num_tools": 10,
  "languages": [
    "en",
    "it",
    "pt"
  ],
  "env": "dev"
}