{
  "start_ts": 1763663762.4909425,
  "end_ts": 1763663773.127071,
  "duration_sec": 10.636128425598145,
  "num_tools": 10,
  "languages": [
    "en",
    "it",
    "pt"
  ],
  "env": "dev"
}