{
  "start_ts": 1763663702.6106396,
  "end_ts": 1763663722.0396566,
  "duration_sec": 19.429017066955566,
  "num_tools": 10,
  "languages": [
    "en",
    "it",
    "pt"
  ],
  "env": "dev"
}