{
  "start_ts": 1763663222.0300512,
  "end_ts": 1763663246.1182287,
  "duration_sec": 24.08817744255066,
  "num_tools": 10,
  "languages": [
    "en",
    "it",
    "pt"
  ],
  "env": "dev"
}