{
  "start_ts": 1763663521.9028518,
  "end_ts": 1763663533.8976789,
  "duration_sec": 11.994827032089233,
  "num_tools": 10,
  "languages": [
    "en",
    "it",
    "pt"
  ],
  "env": "dev"
}