{
  "start_ts": 1763663282.3678193,
  "end_ts": 1763663364.0913413,
  "duration_sec": 81.72352194786072,
  "num_tools": 10,
  "languages": [
    "en",
    "it",
    "pt"
  ],
  "env": "dev"
}