{
  "start_ts": 1763663641.6984532,
  "end_ts": 1763663652.3273573,
  "duration_sec": 10.628904104232788,
  "num_tools": 10,
  "languages": [
    "en",
    "it",
    "pt"
  ],
  "env": "dev"
}