{
  "start_ts": 1763663102.3889813,
  "end_ts": 1763663113.7508638,
  "duration_sec": 11.361882448196411,
  "num_tools": 10,
  "languages": [
    "en",
    "it",
    "pt"
  ],
  "env": "dev"
}