{
  "start_ts": 1763663582.1459563,
  "end_ts": 1763663593.2983634,
  "duration_sec": 11.152407169342041,
  "num_tools": 10,
  "languages": [
    "en",
    "it",
    "pt"
  ],
  "env": "dev"
}