{
  "start_ts": 1763619230.0895715,
  "end_ts": 1763619357.0473533,
  "duration_sec": 126.95778179168701,
  "num_tools": 7,
  "languages": [
    "en",
    "it",
    "pt"
  ],
  "env": "dev"
}